	IKK	IkBaIKK	IkBaIKKNFkB	IkBaNFkB_cytoplasm	IkBaNFkB_nucleus	IkBa_cytoplasm	IkBa_mRNA	IkBa_nucleus	IkBbIKK	IkBbIKKNFkB	IkBbNFkB_cytoplasm	IkBbNFkB_nucleus	IkBb_cytoplasm	IkBb_mRNA	IkBb_nucleus	IkBeIKK	IkBeIKKNFkB	IkBeNFkB_cytoplasm	IkBeNFkB_nucleus	IkBe_cytoplasm	IkBe_mRNA	IkBe_nucleus	NFkB_cytoplasm	NFkB_nucleus
0	0.001	0.0	0.0	0.06	0.0	0.0	0.0	0.0	0.0	0.0	0.03	0.0	0.0	0.0	0.0	0.0	0.0	0.01	0.0	0.0	0.0	0.0	0.0	0.0
1	0.0003424762007184207	1.621430192010963e-05	0.00046449256111586677	0.05376659559454687	0.00011060980978114985	0.009281855083029132	0.006326521108314198	0.0005287653071943182	7.166852703103726e-07	0.0001268721896655951	0.029397144193911352	2.4810466147124272e-05	0.0013980321989693263	0.0012464014746732788	6.86705645494355e-05	7.092878363638549e-07	4.85187734733258e-05	0.009734701131129736	1.7638315323665175e-05	0.0009938707288267075	0.0008892864454129572	4.877854881272891e-05	4.0297629848249196e-05	0.006268319335057067
2	0.00032488241739410173	5.0540772484104516e-05	0.00045011136495336977	0.054503439561031625	0.00019576032889839236	0.018196385351893274	0.010871950875572302	0.0007431540234885104	1.9709071542618746e-06	0.0001229904545506432	0.029542580925550573	5.286078551677437e-05	0.0022548975268349473	0.0018819860936962625	8.113813612467815e-05	1.900750346236306e-06	4.760333311727453e-05	0.009970647585316733	3.757974110867917e-05	0.0016052796135097467	0.0013427653589855354	5.789303325927063e-05	3.457429133108291e-05	0.005041851628624859
3	0.0003203877571954781	6.337552135241816e-05	0.0004443092206374413	0.05417684220919278	0.0002952136952153058	0.021987662523221888	0.012569332564836418	0.0016938495976149884	2.4228870195608994e-06	0.00012003129605990724	0.029425503863479686	4.5701688039487284e-05	0.0027069998113440252	0.002205766970414418	0.00017162701985019678	2.340246895072403e-06	4.713307084011348e-05	0.010013003268888513	3.257038250752289e-05	0.0019278222095721696	0.0015737775575428714	0.00012211462150426796	3.831424737601694e-05	0.005361377057763227
4	0.00030354459868086323	6.264129419201118e-05	0.0004645170014798654	0.060155169036570026	-8.92109466679086e-05	0.022224135392532818	0.012568115244652718	0.0018470054918601876	2.4386455045675825e-06	0.00011706780039965352	0.030172676136853746	-8.243966891814442e-06	0.0028865272938480104	0.002370925983736488	0.00020886633059191267	2.3505649816698226e-06	4.744009476136131e-05	0.010659291262787161	-5.9730403502296275e-06	0.002056009513704836	0.0016916157299692919	0.00014916676684185727	2.7782848115734312e-05	-0.0015405162270576227
5	0.0003069684857409938	5.6139431826275075e-05	0.0004637631055174372	0.05899740356339435	-6.018742146922124e-05	0.02023908362418436	0.011475569753299884	0.002741307324220486	2.473636918226472e-06	0.00011912154240216965	0.030265254544293085	-7.799770591137954e-06	0.002978476962020682	0.002455162025796547	0.0002782796469587658	2.391581626913653e-06	4.914221596797667e-05	0.010832293225746626	-5.6013542317848785e-06	0.0021215985701419126	0.0017517167262705705	0.00019835208391583918	3.4424989985295016e-05	-0.0006878146410148171
6	0.0003136543419322132	6.45771485629295e-05	0.00044714900297037583	0.05600141917454779	0.00020004563076617598	0.021800794784127463	0.012064502673969343	0.001879573558623371	2.9425882314038896e-06	0.00011943975550782185	0.029909436751080997	4.254402705659002e-05	0.0031747815636031605	0.0024981052159365716	0.00021202784046319198	2.857364457510331e-06	4.937979833773759e-05	0.010682897808160544	3.030999802085717e-05	0.0022616207459938845	0.001782355968673846	0.00015108030898722767	7.10776178235676e-05	0.0024463004357275055
7	0.00031158331665071556	7.092007143376101e-05	0.0004418414698267092	0.05486470725264543	0.0002856532682968367	0.02291830426240049	0.012226255615262816	0.0020046133504990544	3.1652136900009424e-06	0.00011946251857302673	0.029819372737597803	5.754124029862908e-05	0.003307562418227877	0.0025200114182141473	0.00021486917084175163	3.1017691877078043e-06	4.992564063807109e-05	0.010720777353389598	4.098491151045229e-05	0.0023563097817254877	0.0017979856747932397	0.00015307012194706925	7.95521194661402e-05	0.0035201814877573344
8	0.0003106053303385661	1.8915707583641163e-05	0.0004889919394253543	0.06057785814805045	-0.0010136515031806178	0.01691076550104383	0.012360124093237865	0.007083508058768948	8.228671345365068e-07	0.00012459168917077097	0.031857035063526364	-0.00016062119463216895	0.0024951685671235025	0.0025311912061668786	0.0005513040122133463	7.241152097429161e-07	5.53483511373802e-05	0.012265197556098622	-0.00011442849478089376	0.0017771432929222827	0.0018059622650741214	0.00039272834649026965	-0.0001312283184639329	-0.003949093236351321
9	0.0003156150034594511	6.0577541553869646e-05	0.0004375881632455569	0.0543016004453658	0.00017276826638699475	0.021060151364132113	0.011823143085704303	0.002074225017699832	2.7668687534932618e-06	0.00012572427028779152	0.031156006926580167	3.2951146937172794e-05	0.0031334933692143616	0.0025369005225043474	0.00022911588959632025	2.6777401234201632e-06	5.505041257640922e-05	0.011849276798248242	2.347381565280273e-05	0.0022322892983275507	0.0018100357660564726	0.00016322189963524747	-4.513841826014604e-05	0.0018906981729792354
10	0.0003178661048475999	6.310687417213129e-05	0.0004323873982846085	0.05333622219759652	0.00016882823231525258	0.02100657547899732	0.011799909276649305	0.0017529410355827135	2.97734303342193e-06	0.00012572321174105059	0.030944250794033422	4.302686197394988e-05	0.0031612419103957475	0.0025398189093323183	0.000203952044073191	2.8599971164147953e-06	5.5079070804765296e-05	0.011781364503021346	3.065385193857966e-05	0.002252118022000374	0.0018121179858719351	0.00014529849111680294	3.332051871080715e-05	0.0030491433595797334
11	0.0003162333221193344	5.9054210544781256e-05	0.0004367838333291342	0.05409043479710802	0.00013756438559497155	0.02076742176018531	0.011708259592066629	0.00186743505443589	2.72757394868879e-06	0.00012641443398388587	0.031191850793046934	3.118551933677198e-05	0.003146239969515926	0.0025413087777839565	0.0002245901570050876	2.6500142071657733e-06	5.613661186700178e-05	0.012037146237729975	2.2215914607907005e-05	0.0022414167381820693	0.0018131809819020364	0.00016000034770387374	3.5720071985158005e-05	0.0018345474014102015
12	0.00031701548784866264	5.840838266204557e-05	0.0004353847423164662	0.05372343969751705	0.00012813579832845435	0.02047116360074921	0.0115531351997741	0.0019239914290557045	2.74590642652139e-06	0.00012691586507232358	0.03128894544574707	3.140615837720835e-05	0.0031365533426315328	0.00254206775936515	0.00022588964207906524	2.6588188376104e-06	5.6870796836361674e-05	0.012181187362445379	2.2374500577528958e-05	0.0022345349314168055	0.0018137225024683937	0.0001609276241308115	2.7857454295798518e-05	0.001977482178486276
13	0.0003173963740446881	5.527024803040542e-05	0.00043492489663924614	0.05358544076952327	0.00012529713202336415	0.02016390145333351	0.011445873795622018	0.0019639535493435473	2.5623173287681075e-06	0.00012876086361548008	0.03165267997445652	2.5298073635034313e-05	0.0031170120198651314	0.00254245500921982	0.00023387191664104716	2.4981490982865486e-06	5.85871512431173e-05	0.012510554378940492	1.8021467072647153e-05	0.002220594766526966	0.0018139987987130183	0.0001666113978914707	3.987266645942542e-05	0.0014205626263913388
14	0.0003189022324549855	5.725152550602529e-05	0.0004301087859870468	0.05274941576856807	0.00014648526207837738	0.020226632187030587	0.011444883730246722	0.0018877039533036822	2.7006618672609396e-06	0.00012924979552901057	0.03168269597899445	3.317554502138663e-05	0.003126327841016671	0.0025426521738105504	0.00022233972622397478	2.6202771461101075e-06	5.916672150955278e-05	0.01259755063054125	2.3635242104511907e-05	0.0022272725481492814	0.0018141394723255055	0.00015839951525414928	3.524536003049201e-05	0.0021132709096357777
15	0.0003188775853928315	5.719551864213322e-05	0.0004282221025356865	0.052557797338025056	0.0001541895261702706	0.020294747800080226	0.011536548300244597	0.001861073610701966	2.7108509797549803e-06	0.000130194467040369	0.03189129588675074	3.2523156441955975e-05	0.003110547874459679	0.0025427528804265382	0.0002207535418513119	2.6173684328444304e-06	6.0182106976372836e-05	0.012808227246493139	2.316925555782743e-05	0.002216043058192465	0.0018142113247987105	0.00015727135338369666	2.9879169436052607e-05	0.0018843197445724627
16	0.00031998437503184016	6.273393487463816e-05	0.00042361087548000174	0.05191428320880491	0.00018329247684520605	0.02063033972485005	0.01164085148191383	0.0017392635662111528	3.0597855305266696e-06	0.0001285671337708636	0.0314681958193154	4.308840178268048e-05	0.003170272762765262	0.0025428040710217324	0.0002064407580533985	2.939320174239037e-06	5.9104575137883894e-05	0.012566811056369608	3.070041269113135e-05	0.0022587044758127194	0.0018142478484256183	0.00014708169214913013	3.4065137372042784e-05	0.0031482809024302315
17	0.0003183190020846333	5.7035467869289154e-05	0.00042966556407365234	0.05281729719514958	0.0001777025265687728	0.02057255636960391	0.011671000444965576	0.0018588403257956535	2.6088152995776693e-06	0.00012955035892235495	0.03177640864713681	3.048514903310219e-05	0.0031148990763811826	0.0025428301232133695	0.00022512591322955443	2.541701681646603e-06	6.027909006883931e-05	0.01284546620070421	2.17158931881833e-05	0.0022191602976371796	0.0018142664362252692	0.0001603890193164204	3.562955244616067e-05	0.0016757998227082244
18	0.00031945806908180495	6.531668501273335e-05	0.00042257956374020927	0.051941905674683986	0.00017615882146015553	0.020829303350119267	0.011690678782921599	0.0017326664850713148	3.2266466575325054e-06	0.00012747409232866273	0.03128716927788334	4.541241209447993e-05	0.003185092134567504	0.0025428433966455887	0.0002026511012314196	3.069013718454119e-06	5.8875929460596434e-05	0.01255347265707759	3.2358427401150635e-05	0.0022693364736014153	0.0018142759065954482	0.00014438497305109852	3.4166950671230456e-05	0.0033204261931984655
19	0.0003182082568399849	5.64219856291413e-05	0.0004313901818349288	0.0530007104508105	0.000282233167598357	0.020547842935977775	0.011708916334236914	0.001765786848395198	2.5905162951036992e-06	0.00012870935340668685	0.031611209057754476	3.29479940000307e-05	0.003093513457566389	0.0025428501425674792	0.0002216040585599914	2.515029296787625e-06	6.0164676697360136e-05	0.012840890695237177	2.3464995214086428e-05	0.0022039325827506984	0.0018142807196970215	0.00015788872030735507	-0.000130633840778151	0.0017189132682243953
20	0.0003187320868174255	6.277931780131977e-05	0.0004195900694987739	0.051963871133018376	0.0002644550018770308	0.021038936951303842	0.011713878157123539	0.001777590613408962	2.8646030812962135e-06	0.00013117127892804624	0.03189747835396953	4.335018798460439e-05	0.003224562521722078	0.0025428535866650766	0.0002128574654696098	2.8184941127513072e-06	6.204414976038064e-05	0.013096278322970282	3.087847875870514e-05	0.0022974801439853464	0.0018142831770026108	0.00015164948672106396	2.750600927795509e-05	0.002063377013956139
21	0.00031823366718170616	4.41231186581428e-05	0.0004338644563751234	0.052799506418335626	-6.121199881559797e-05	0.019661359034460535	0.011457935706889525	0.0028986989690641058	1.9249294613401507e-06	0.00013450529648500003	0.033052862575896666	-1.275413850034082e-05	0.0029214212022726283	0.002542855328824699	0.0002979521170990237	1.8681464096329226e-06	6.54803854290484e-05	0.013963855227391362	-9.084677669459901e-06	0.002081052415464759	0.0018142844200041389	0.00021223665273292438	1.0683751141951203e-05	-0.00037770729606957155
22	0.0003208581909315293	4.661879398123619e-05	0.0004261227477044939	0.05150861623693423	4.918214288902825e-05	0.019758228597557357	0.011411080896951283	0.002162791897816703	2.023299460694297e-06	0.00013596192887514977	0.03313159742756231	1.2830463191639418e-05	0.0029536704279548806	0.0025428562172472298	0.0002434157783134764	1.9631121506724515e-06	6.645192689621808e-05	0.014057543407538767	9.139679236848816e-06	0.002104084406039046	0.0018142850538786415	0.00017340678761541294	9.03826847521846e-06	0.0005935157706959337
23	0.00032176869734485585	5.365186290541664e-05	0.0004166522085780179	0.05048989430087231	0.0001102499253731312	0.019984253476901453	0.011385387951732627	0.0019870010367920316	2.4906845960878807e-06	0.00013629194272703272	0.033111207323280475	2.6161800355566414e-05	0.0030604873449831815	0.0025428566703877306	0.00022987749140093039	2.412179810067638e-06	6.673242403851534e-05	0.01407695778983487	1.863869872774766e-05	0.0021803815064588995	0.0018142853771867516	0.00016377309438722463	1.3387559082675106e-05	0.0015338260271295162
24	0.00032198311245931164	5.5856664687936814e-05	0.00041256115965851713	0.05009154751563667	0.00012069772112815484	0.020049298726005648	0.011360001634580926	0.001969648532609179	2.6090961404948656e-06	0.0001370360441707109	0.03323115306223791	2.7303507951956327e-05	0.0031118639978873334	0.002542856901720116	0.00023015616961739456	2.535798523821913e-06	6.74181243592006e-05	0.014193722755830654	1.9451422734802747e-05	0.0022170653088754385	0.00181428554223851	0.0001639741249685581	3.7203819841591834e-05	0.0016619048664496766
25	0.0003227481019701388	5.420295214332701e-05	0.00041096078043167055	0.04971143722360872	0.00012023160062648427	0.01995127437434748	0.011341421917471582	0.001986747993291265	2.5152576115996264e-06	0.0001384679268458518	0.033520882490312674	2.6503642242795e-05	0.003080506549951577	0.0025428570198282427	0.00023048122009166607	2.442046730590881e-06	6.866293426681536e-05	0.014428098020178541	1.8881411237500068e-05	0.0021946824436233016	0.0018142856265066672	0.00016420409232474712	4.124353296950968e-05	0.0015146304372792917
26	0.00032375836416477684	5.5082287355937885e-05	0.00040859511978731287	0.049273214047508056	0.00018994990425048126	0.02015161630529908	0.011495145405310032	0.001758996327940606	2.5701886085674377e-06	0.00013867006921366746	0.03349777320865745	3.8196469704516165e-05	0.00306932092667524	0.0025428570801030166	0.00021270906358514586	2.48607259690612e-06	6.8837898272826e-05	0.014437073943309798	2.7211534859466617e-05	0.0021867178770586253	0.001814285669511703	0.000151549548237039	-8.290168501668012e-05	0.002003379489453028
27	0.00032249267611519775	6.0473880524192454e-05	0.0004048594683078542	0.04918313218315678	0.00014390835613189756	0.020449251854746883	0.011558268141591145	0.001805062793505115	2.90479762710089e-06	0.0001379778143280271	0.03342507962297328	3.442053508814104e-05	0.0031506782256514924	0.002542857110866493	0.0002225637706207529	2.8059284903853486e-06	6.848543460723645e-05	0.014408945334420081	2.452334398970023e-05	0.002244834423497679	0.0018142856914609249	0.00015858244465572657	3.257792195819007e-05	0.002136089985038722
28	0.0003247704148330497	5.875243172169022e-05	0.0004044716707875177	0.04858866990578868	9.877026089099726e-05	0.02080507167341974	0.011889355098500084	0.001982815195865855	2.702365773526968e-06	0.00013815719373546338	0.03330699017595554	6.411012706460025e-05	0.0031103994943318977	0.0025428571266232795	0.00016903731162427923	2.6178221047290293e-06	6.852810104401753e-05	0.014349813255866227	4.5709029538672214e-05	0.002216057336805999	0.0018142857027031265	0.00012038567565163106	3.2239909121762884e-05	0.0029025403702064374
29	0.0003239446962571822	5.409810811366521e-05	0.0004038840380324905	0.04836023924706148	3.247749218292699e-05	0.021152991119654282	0.012093384128887117	0.0024886921877326084	2.254294539058123e-06	0.0001418673100265318	0.03427602245149911	7.004536736309587e-05	0.0030437842741086515	0.0025428571346162395	0.00014123528256035464	2.2105073677630107e-06	7.174104566330421e-05	0.015061282197294714	4.995754272218663e-05	0.002168447701318021	0.0018142857084059692	0.00010051122542103401	2.3698236899270304e-05	0.0015087850712547936
30	0.0003229740119868546	5.9056527722745424e-05	0.00040093876165351737	0.04852837372008658	0.00013062053930710586	0.020745153850714102	0.011756090783960114	0.002008600123568725	2.7251094443008965e-06	0.00014069159674251572	0.034047985530174414	2.082047082058288e-05	0.0031142955570335	0.0025428571386526197	0.00024653369247162914	2.635031378599025e-06	7.097896107146232e-05	0.01491336222960842	1.4828275299694744e-05	0.002218854756602314	0.001814285711285858	0.00017566420979343067	2.8300028232509955e-05	0.0017030998870030964
31	0.000323897821990349	6.415318768339372e-05	0.000396279903908919	0.048057717813417423	0.00019536096278533719	0.020721185431558715	0.011602131144296538	0.00161224381295654	3.1018314316164078e-06	0.00013959266135131924	0.033684613307758564	4.599681117094716e-05	0.0031750583500472713	0.0025428571407142436	0.000197559894263488	2.98056826129267e-06	6.999402537310563e-05	0.014670906943500081	3.277065528976793e-05	0.0022622840573606174	0.0018142857127567923	0.0001407702665050257	2.509054572899256e-05	0.002681676369715426
32	0.00032385311146827583	6.138662740683433e-05	0.00039973094693607545	0.048367360132961223	0.0001409377876798229	0.02074144379070133	0.011705708716822525	0.001810725000000133	2.885365695341291e-06	0.00013943531838736143	0.03361911369910393	3.6241761775782375e-05	0.003152362930289457	0.002542857141766159	0.00021469435541528447	2.7939255132201186e-06	6.991470459288798e-05	0.014642369151495813	2.5823204573277738e-05	0.002246058189167232	0.0018142857135073156	0.00015296924831433983	3.681629117646267e-05	0.002522257001317232
33	0.0003232614878376086	6.192627617717068e-05	0.00040061337050190614	0.04858361684300288	0.0001549216277204229	0.02076549498023772	0.011758002343677165	0.0018659507381176329	2.9468411789614984e-06	0.00013882300277526425	0.033545078263633385	3.625341667861296e-05	0.0031468777686763814	0.0025428571423029684	0.0002164689536212375	2.8352363531374692e-06	6.959378517594838e-05	0.01460780639129239	2.5831446535158717e-05	0.002242161807802427	0.0018142857138903205	0.00015423302568456663	2.693017290844513e-05	0.00241053167977544
34	0.0003229211619936385	6.184620045790859e-05	0.0004017372866365842	0.04877005093777178	0.00016498784987315895	0.02089534863989452	0.01179450842084876	0.0017745167550922514	2.8837441231669075e-06	0.00013843480587894945	0.03347073260870382	3.823647269375038e-05	0.003150275081129668	0.002542857142574934	0.00021184223451584181	2.7904243484053423e-06	6.93863765613444e-05	0.014573177712960968	2.724222743032729e-05	0.00224458105005123	0.0018142857140843632	0.00015094124605068935	3.434543804995598e-05	0.002311668283439215
35	0.000321533459634663	6.181635744720467e-05	0.0004045301403923893	0.049322445478064005	0.00012989887620529236	0.020765658140298845	0.011759549669784037	0.0018875071406079756	2.958674774176974e-06	0.00013744632745293524	0.03339023358624351	3.207949783024264e-05	0.003149636328678184	0.002542857142713673	0.00022271724289143433	2.8433959711120036e-06	6.88716443275161e-05	0.014534103478846153	2.2856404461280927e-05	0.0022441423666672623	0.0018142857141833508	0.0001586907234885727	2.7844392343937354e-05	0.0019296901738325523
36	0.0003230825813616304	6.163239583483166e-05	0.0004030515370598463	0.04889142902269004	0.000171692707683569	0.020880824412025784	0.011764334577877976	0.00179378209951174	2.847901422070914e-06	0.00013768637774568684	0.033273346377967576	3.926238073059479e-05	0.003150409746189408	0.002542857142784273	0.00021155845619901518	2.7641525716043294e-06	6.893505400432723e-05	0.014469748100198415	2.79734371439168e-05	0.0022446848253398705	0.0018142857142337228	0.00015073835073340606	3.470078021597782e-05	0.002482174224559863
37	0.0003228017241585553	6.165285202432621e-05	0.0004039479072663139	0.049054909309039316	0.0001507811498879213	0.02085449806918086	0.011760581300031051	0.0018230376189012298	2.8906131971603923e-06	0.00013721665604920827	0.033203937564669425	3.802496303205321e-05	0.0031501879608975603	0.0025428571428200326	0.00021301686507125815	2.7928639205371688e-06	6.86973833838967e-05	0.0144391888588124	2.7093435262178093e-05	0.0022445366718734185	0.001814285714259237	0.0001517763960244568	-1.3435728212194602e-05	0.002489638500809292
38	0.00032224769052871364	6.165030015317202e-05	0.0004053351447527505	0.049296756307199714	0.00015302379470997037	0.020783297863471266	0.011742304280734714	0.00187689720915902	2.9328110034705597e-06	0.00013662049271909169	0.033126156864454144	3.574868430925907e-05	0.003150253920998412	0.002542857142838357	0.00021837081468934144	2.82279276307197e-06	6.839076807972728e-05	0.01440267390156537	2.547170396814793e-05	0.00224459239998016	0.001814285714272311	0.00015559089452872333	3.135637282825322e-05	0.0023184659654133756
39	0.00032325344745208755	6.153043965524339e-05	0.0004044389958791534	0.04901727829028427	0.0001663794660137601	0.02093972682095738	0.011771415060047192	0.0018473601257262722	2.824467475219541e-06	0.00013675155771621225	0.033047401297285936	3.895359068393041e-05	0.003151566318167251	0.0025428571428477787	0.0002125333786401116	2.7451128340769537e-06	6.845597898800493e-05	0.01436564175796987	2.7755779057604006e-05	0.0022455245350940373	0.0018142857142790332	0.0001514301871058035	3.1790463962226256e-05	0.0026951528221588338
40	0.0003225344907969702	6.165034786754192e-05	0.00040566061745773486	0.04928844298401272	0.000163944154892276	0.02087840926875354	0.0117667023041369	0.0018085711036512717	2.8771908774722408e-06	0.0001362679583362674	0.033000777237187806	3.8469692270104746e-05	0.0031511327745596105	0.002542857142852055	0.00021210666432877146	2.7835054573398617e-06	6.822588920667088e-05	0.014351252477222357	2.741008959191685e-05	0.0022452265799999998	0.0018142857142820848	0.00015112918194489877	3.202651819738998e-05	0.0024875223816245642
41	0.00032240641946138106	6.150431199083761e-05	0.0004063904244821201	0.04939298209281927	0.000162644854161624	0.020843860635497233	0.011745549702383099	0.0018210520003232409	2.877022303825968e-06	0.00013595546560258301	0.03294204101729142	3.810068157824543e-05	0.003151173469689059	0.002542857142854281	0.00021320065099985193	2.7824925536041844e-06	6.808386360564523e-05	0.014328111238695675	2.714733174838161e-05	0.0022452610332319043	0.0018142857142836725	0.0001519088016877021	3.205246376935493e-05	0.002466490566245497
42	0.00032233058806553075	6.14236511230784e-05	0.0004069413472857808	0.049470760361209135	0.00016243378398836665	0.0208234125026688	0.011734567543281013	0.001820688424465248	2.876278441383034e-06	0.0001356847227735492	0.03288504337985127	3.808344356190893e-05	0.0031511395489187202	0.0025428571428554314	0.00021328169799399844	2.7817264545402232e-06	6.796168585613382e-05	0.014306055416770616	2.7135138372062957e-05	0.0022452425059941244	0.0018142857142844932	0.00015196688751225056	3.210512925588607e-05	0.0024677955910751025
43	0.00032224707776509325	6.135913378784785e-05	0.00040747161171878935	0.049547591519475805	0.0001625307052530868	0.020808948920428918	0.011727491457727703	0.0018184120532220547	2.875449106675745e-06	0.00013542125250638282	0.03282996858340076	3.810761748747116e-05	0.003151118609644875	0.0025428571428561192	0.00021323840082237947	2.780936259318484e-06	6.784453885588829e-05	0.014285224802074592	2.7152404318398017e-05	0.0022452332203744675	0.001814285714284984	0.00015193646992540285	3.21121429487276e-05	0.0024665748219599134
44	0.0003221728612951366	6.132042547349133e-05	0.00040794653578871555	0.04961653262736012	0.00016251960099093605	0.02080179300185767	0.011724190752526887	0.0018173049183056603	2.874643134952556e-06	0.00013516997245069235	0.03277686093589108	3.8132078246604414e-05	0.00315108644039426	0.002542857142856531	0.0002131840373727595	2.7802141405502586e-06	6.773534771645749e-05	0.014265637073925539	2.7169911036305003e-05	0.002245215902273935	0.0018142857142852775	0.00015189809657799896	3.2138581997398845e-05	0.0024701573345959674
45	0.0003220929807333516	6.128954286364546e-05	0.0004084089475497644	0.049684853552592105	0.00016262979132500982	0.020797479772085976	0.011722363063177288	0.0018160336247913986	2.87380680162827e-06	0.00013492455414679355	0.03272564787929431	3.8159260502370867e-05	0.0031510629291556574	0.0025428571428567767	0.0002131236437747234	2.7794647282583855e-06	6.763070317655309e-05	0.014247227234527019	2.7189335461562737e-05	0.0022452047118540763	0.0018142857142854532	0.00015185546256210705	3.214869221722715e-05	0.0024711800492071053
46	0.0003220184097935766	6.12699629206244e-05	0.0004088385849572994	0.04974850182779795	0.0001626735307507499	0.0207962006803007	0.011721994102560793	0.0018154644299750837	2.8730075257626273e-06	0.00013468881512131213	0.03267624478598044	3.818142563928221e-05	0.0031510349322900776	0.0025428571428569237	0.00021307264814269814	2.7787553640024194e-06	6.753246431741746e-05	0.01422992395048142	2.7205201707397866e-05	0.0022451902673365576	0.0018142857142855581	0.00015181948802303995	3.2169017410941114e-05	0.002474040395835605
47	0.0003219425247243494	6.125322015769466e-05	0.0004092551547493074	0.049810768084118724	0.00016277469457551865	0.020795851934366765	0.011722064108258625	0.0018147911011602272	2.8722065908968992e-06	0.00013445987594634264	0.0326285797783707	3.820391395270246e-05	0.003151011302585562	0.0025428571428570117	0.0002130218655807193	2.778042950917996e-06	6.743897488048594e-05	0.01421366541213915	2.7221286639482392e-05	0.0022451788786819384	0.001814285714285621	0.00015178368178619676	3.218229434941565e-05	0.0024754505302779814
48	0.00032187083929946183	6.12411958722103e-05	0.0004096485016420665	0.04986963748417395	0.00016283995012824232	0.020796623106426226	0.01172265055639756	0.001814433840462849	2.8714412972285095e-06	0.00013423958923786868	0.03258257799181114	3.8223386364932686e-05	0.003150985961144587	0.002542857142857064	0.0002129771049380219	2.7773647470543575e-06	6.735106790410566e-05	0.014198389248644135	2.7235229844628565e-05	0.002245166205164018	0.0018142857142856585	0.0001517521469493626	3.220032125246937e-05	0.0024776572289962624
49	0.00032180010473207947	6.12301100016251e-05	0.00041002815484670176	0.04992670042959358	0.0001629303133789471	0.020797609358819736	0.011723326914749393	0.0018140094273406872	2.8706909123389885e-06	0.00013402642157478353	0.03253817679087958	3.824269689346657e-05	0.003150963107643059	0.002542857142857096	0.00021293322452582252	2.7766995580034948e-06	6.726781837446527e-05	0.014184042390841312	2.7249051657502006e-05	0.002245155240306294	0.0018142857142856808	0.0001517212448139181	3.2214694982348783e-05	0.002479121236977115
50	0.0003217328859366898	6.122106667258133e-05	0.0004103893765560379	0.04998102588149968	0.00016300110044747179	0.020798974690933142	0.011724170287491679	0.0018137281478157144	2.869973313669952e-06	0.00013382112609751045	0.03249531273900398	3.826026819752666e-05	0.0031509398683002205	0.002542857142857115	0.00021289291387133698	2.7760651571255677e-06	6.71895062663832e-05	0.014170572363801393	2.7261637127342182e-05	0.002245143931180824	0.0018142857142856943	0.00015169287454336162	3.223098815361685e-05	0.002480935012848858
51	0.00032166751929364447	6.121239523511625e-05	0.00041073699317497757	0.05003341916582451	0.00016308200325397814	0.020800336731335224	0.011725002482461373	0.0018134112017501596	2.869277380668065e-06	0.0001336228044774065	0.0324539294758853	3.827747469094833e-05	0.003150918233537279	0.0025428571428571262	0.0002128536853344923	2.7754504126263534e-06	6.71155600255597e-05	0.0141579323827749	2.727395934463794e-05	0.002245133695947077	0.0018142857142857023	0.0001516652752486555	3.22451952617138e-05	0.002482364985285865
52	0.0003216051518623155	6.120471041538649e-05	0.00041106898537619877	0.05008347957910123	0.00016315177675818815	0.020801804737819507	0.01172587553029416	0.001813162807162513	2.868610981116721e-06	0.00013343167877957965	0.032413970965292006	3.829355787762743e-05	0.0031508968185161397	0.0025428571428571327	0.00021281683047085452	2.7748631498174096e-06	6.704599943558486e-05	0.014146076813955341	2.7285482073805483e-05	0.0022451235447488237	0.001814285714285707	0.00015163935903680242	3.2259994724900517e-05	0.0024839351666253355
53	0.00032154491066799744	6.11972643541853e-05	0.00041138794287399387	0.0501316356750926	0.00016322482413545227	0.020803215882174833	0.011726713953342705	0.001812899248408761	2.8679679743791383e-06	0.00013324717778080057	0.032375385476511594	3.8309175270600336e-05	0.003150876554319038	0.0025428571428571366	0.00021278115756748824	2.7742972782452096e-06	6.698043907039693e-05	0.014134963729441985	2.7296670883432095e-05	0.002245114140440868	0.00181428571428571	0.00015161428220101904	3.227349897899883e-05	0.0024852953899599517
54	0.0003214872820664962	6.119037873234517e-05	0.0004116931639621731	0.050177738070498884	0.0001632910878546976	0.020804633950454978	0.011727548151909578	0.0018126714491494688	2.8673514982580777e-06	0.000133069281749457	0.032338122266948724	3.8323969342004694e-05	0.0031508567644625745	0.0025428571428571392	0.00021274727235934553	2.773755940182931e-06	6.691878605108621e-05	0.014124552659757459	2.7307272997272067e-05	0.002245104999090748	0.0018142857142857116	0.00015159047248185464	3.228700290208432e-05	0.002486696437935963
55	0.00032143179124657077	6.118371093448866e-05	0.00041198615230974943	0.05022203121584987	0.00016335755307355856	0.020805988893940724	0.011728345826649646	0.0018124399317904927	2.8667580056577938e-06	0.00013289759390121817	0.03230213354591372	3.8338260972073525e-05	0.003150837876176857	0.002542857142857141	0.00021271458963741279	2.773235645145735e-06	6.686075795716865e-05	0.014114805831534166	2.731751567183028e-05	0.002245096424473157	0.0018142857142857127	0.00015156751542221746	3.229962473481543e-05	0.002487971948081631
56	0.0003213786197284092	6.117742040312747e-05	0.00041226682506636495	0.05026448217714672	0.0001634194889375383	0.020807315697001134	0.01172912370250303	0.0018122292384367212	2.866188471002469e-06	0.0001327319901537068	0.03226737283862063	3.835188890656826e-05	0.003150819552973806	0.0025428571428571414	0.0002126833773062111	2.772737394715722e-06	6.680621878267359e-05	0.014105687041463227	2.732728492787182e-05	0.0022450881756410266	0.0018142857142857134	0.00015154560008506115	3.2311994173394626e-05	0.002489242251821105
57	0.0003213274932063557	6.117134535222247e-05	0.0004125361456236177	0.05030524386611758	0.0001634802958820983	0.02080858425174858	0.011729868038219205	0.0018120205956092237	2.8656406988554814e-06	0.00013257216977291875	0.03223379592540909	3.836501570083233e-05	0.003150801984028267	0.002542857142857142	0.000212653334443414	2.7722590468606456e-06	6.675494629916975e-05	0.014097162226732109	2.733669594023847e-05	0.002245080386870079	0.0018142857142857138	0.00015152451322333476	3.232370469744606e-05	0.002490429007824695
58	0.00032127845410833127	6.11655604242467e-05	0.00041279430856880486	0.05034433554550385	0.00016353777508625657	0.020809813362980975	0.011730587905229838	0.0018118256586360415	2.865114696404368e-06	0.00013241796833248051	0.03220136001869072	3.837757482161236e-05	0.0031507849965619365	0.0025428571428571423	0.00021262456539421145	2.7718006452194175e-06	6.670679322451374e-05	0.014089198881730259	2.7345701728576136e-05	0.00224507293434901	0.001814285714285714	0.00015150432832452935	3.2335066310606685e-05	0.002491590366002118
59	0.0003212313297912025	6.115998603739521e-05	0.0004130419984151337	0.05038186329181014	0.00016359359964725835	0.020810990436716435	0.011731277690295163	0.0018116353986551788	2.8646089787605655e-06	0.00013226914082220347	0.032170024191859825	3.8389653599225795e-05	0.0031507686679920844	0.0025428571428571427	0.0002125969042395255	2.771360754005224e-06	6.666157520129841e-05	0.014081766298447509	2.735436421163996e-05	0.0022450658729177247	0.0018142857142857142	0.00015148492771006468	3.234589640124627e-05	0.0024926899895843123
60	0.0003211861008395034	6.115465426018409e-05	0.0004132795230020629	0.050417868212653066	0.0001636467714757594	0.020812125721930277	0.011731942423962367	0.0018114552425299018	2.864123138227773e-06	0.00013212551193521015	0.032139748950831104	3.840123035058951e-05	0.003150752904672823	0.0025428571428571427	0.00021257037802926157	2.7709390051134913e-06	6.66191478196974e-05	0.014074835247887201	2.7362668137166558e-05	0.002245059135504807	0.0018142857142857142	0.0001514663302526488	3.235635140501362e-05	0.002493756384502913
61	0.000321142647292234	6.114952358430859e-05	0.0004135074143765585	0.050452431227378275	0.0001636981322778404	0.020813214400540275	0.011732580092363273	0.0018112807696747258	2.863656073899305e-06	0.0001319868715941522	0.032110496413227045	3.8412356101363306e-05	0.0031507377320745484	0.0025428571428571427	0.00021254488625333442	2.7705343430478355e-06	6.657935273580035e-05	0.014068378061160507	2.737064971842829e-05	0.002245052740146545	0.0018142857142857142	0.00015144846459451647	3.2366353781876686e-05	0.002494773167647936
62	0.00032110092389214025	6.114460537463984e-05	0.0004137260160891637	0.05048560110222569	0.00016374725099031754	0.020814262329181998	0.011733193648451606	0.00181111442384898	2.8632072176504847e-06	0.00013185304688051097	0.03208223007291075	3.842302983413702e-05	0.0031507230951432806	0.0025428571428571427	0.00021252042070262804	2.7701462397008834e-06	6.654205430619587e-05	0.01406236844184921	2.7378308322519857e-05	0.0022450466475456153	0.0018142857142857145	0.0001514313247076457	3.23759860518425e-05	0.0024957546905394474
63	0.0003210608391928383	6.113987611793322e-05	0.0004139357697270552	0.05051744420195358	0.00016379456853723732	0.020815268150847777	0.011733782670982207	0.0018109539742029728	2.8627756874893876e-06	0.00013172385176567032	0.03205491485927038	3.8433284618306783e-05	0.0031507089956583404	0.0025428571428571427	0.0002124969135518686	2.7697738555243543e-06	6.650711365349141e-05	0.014056781472582028	2.7385667445781498e-05	0.002245040859057914	0.0018142857142857145	0.00015141486239655187	3.238521960247819e-05	0.0024966939908437793
64	0.00032102233878345806	6.113533743434009e-05	0.0004141370189285908	0.05054801044561564	0.0001638399196050228	0.02081623548638879	0.011734349049342672	0.0018108004490779792	2.8623608712074713e-06	0.00013159912139264394	0.03202851699728536	3.844312851132829e-05	0.0031506953977412026	0.0025428571428571427	0.00021247434151802869	2.7694166175601375e-06	6.647440597220151e-05	0.014051593493687972	2.7392732873451824e-05	0.0022450353492722546	0.0018142857142857145	0.00015139906100249383	3.239410113106876e-05	0.002497598634996511
65	0.00032098534776858127	6.113097454151825e-05	0.00041433014597347286	0.050577356922047144	0.00016388355075688755	0.02081716449876849	0.011734893052621025	0.001810652664880493	2.8619620220313804e-06	0.00013147868787670861	0.03200300401074553	3.845258533930572e-05	0.0031506822927837596	0.0025428571428571427	0.00021245265392518903	2.7690738190402695e-06	6.644380799865019e-05	0.014046782076695786	2.7399521553104544e-05	0.002245030112323533	0.0018142857142857145	0.00015138388449592694	3.2402624463871325e-05	0.0024984660665493233
66	0.0003209498102012644	6.112678468112087e-05	0.00041451547904639496	0.050605531831086105	0.00016392541947859296	0.020818057657716636	0.01173541601610105	0.0018105109865568499	2.8615785357047437e-06	0.00013136239654594823	0.031978344630592896	3.846166674866974e-05	0.0031506696547735583	0.0025428571428571427	0.00021243182195790548	2.7687448936757463e-06	6.641520609589399e-05	0.014042325937843488	2.7406041805984826e-05	0.002245025130014374	0.0018142857142857145	0.00015136931233248303	3.241081866924948e-05	0.0024993005720865638
67	0.00032091566173038177	6.112275747443924e-05	0.00041469335741479307	0.05063258570218765	0.00016396567679251024	0.020818915764844795	0.01173591849022672	0.0018103747367737174	2.861209757448944e-06	0.00013125009425427652	0.03195450877311308	3.847039150009676e-05	0.003150657470941321	0.0025428571428571427	0.00021241180462016438	2.768429224597161e-06	6.638849014406686e-05	0.014038204898438838	2.7412306988842514e-05	0.0022450203936722588	0.0018142857142857145	0.00015135531535963667	3.241868754849097e-05	0.0025001016216171456
68	0.00032088284823016117	6.111888836341528e-05	0.00041486408777593423	0.05065856385159553	0.00016400433536931366	0.02081974067607131	0.011736401508757616	0.0018102439756579145	2.86085511301153e-06	0.00013114163700050756	0.03193146747355405	3.847877227624046e-05	0.0031506457206560753	0.0025428571428571427	0.0002123925719779251	2.7681262740275824e-06	6.636355724294673e-05	0.014034399817813854	2.7418326152319715e-05	0.0022450158890872703	0.0018142857142857145	0.00015134187226656842	3.24262512368829e-05	0.002500871889982218
69	0.00032085131278553443	6.11151693259041e-05	0.00041502797546416305	0.05068351172697681	0.00016404149801926694	0.02082053343061366	0.011736865718085554	0.001810118275327457	2.860514016395123e-06	0.00013103688423864025	0.03190919285419668	3.8486824807067e-05	0.0031506343898685626	0.0025428571428571427	0.00021237408905160104	2.7678354920010588e-06	6.634030867736526e-05	0.01403089254994548	2.7424110503155454e-05	0.002245011606809786	0.0018142857142857145	0.00015132895818217932	3.2433517676308646e-05	0.002501611749494854
70	0.0003208210044561019	6.111159521931536e-05	0.00041518530407771786	0.05070747138946335	0.00016407720078214194	0.020821295535665633	0.011737311975492486	0.0018099975609964045	2.8601859314840735e-06	0.0001309357023904051	0.03188765807198573	3.849456165702846e-05	0.003150623461144831	0.0025428571428571427	0.00021235632675547806	2.7675563773196364e-06	6.631865154766016e-05	0.01402766588818709	2.7429669004409628e-05	0.0022450075350351753	0.0018142857142857145	0.00015131655241792824	3.244050224168055e-05	0.0025023230586625907
71	0.00032079187206765275	6.110815939359576e-05	0.0004153363505371285	0.05073048407667741	0.00016411152099823535	0.02082202808691294	0.011737740940222606	0.0018098815318862542	2.859870327761645e-06	0.0001308379620291227	0.03186683728352045	3.850199654307545e-05	0.0031506129204596236	0.0025428571428571427	0.00021233925426904687	2.767288433766098e-06	6.629849721097703e-05	0.01402470352243675	2.7435011433619104e-05	0.0022450036644447095	0.0018142857142857145	0.00015130463306690513	3.2447214310523005e-05	0.0025030065643025126
72	0.0003207638683064835	6.11048566787481e-05	0.00041548137572291273	0.05075258858286045	0.00016414450324063557	0.02082273237463949	0.011738153355738084	0.001809770058160296	2.8595667090101525e-06	0.00013074353944471227	0.03184670560111179	3.850914141817154e-05	0.003150602752488259	0.0025428571428571427	0.0002123228441660337	2.767031198483767e-06	6.627976193965375e-05	0.014021989991728838	2.744014631724464e-05	0.0022449999848420917	0.0018142857142857145	0.00015129318063419962	3.2453666518728585e-05	0.0025036636896966645
73	0.00032073694673931424	6.110168131124411e-05	0.0004156206318553734	0.050773822504474604	0.00016417621039750227	0.020823409471143577	0.011738549858103138	0.0018096629074771619	2.8592745918651736e-06	0.00013065231520636333	0.03182723905792844	3.8516008518477314e-05	0.003150592943792868	0.0025428571428571427	0.00021230706879149356	2.7667842207814365e-06	6.626236607506287e-05	0.014019510643784436	2.744508238070585e-05	0.0022449964874217293	0.0018142857142857145	0.00015128217547144942	3.245986844865048e-05	0.0025042953109301906
74	0.0003207110637023467	6.109862833689885e-05	0.0004157543583206974	0.05079422151275204	0.00016420668877308552	0.020824060516922507	0.011738931109322472	0.0018095599320172191	2.8589935189433415e-06	0.00013056417480990183	0.031808414569645935	3.852260900131239e-05	0.0031505834805945518	0.0025428571428571427	0.00021229190265131332	2.766547075112635e-06	6.624623423610371e-05	0.014017251593371832	2.7449827583675455e-05	0.002244993163175203	0.0018142857142857145	0.00015127159946805988	3.246583099514443e-05	0.0025049026005100755
75	0.0003206861768525066	6.109569262920613e-05	0.00041588278539298585	0.050813819974421	0.00016423599223126196	0.020824686527741495	0.011739297707898524	0.0018094609394032116	2.8587230482681325e-06	0.0001304790079050213	0.031790209901157856	3.852895392022215e-05	0.003150574350260978	0.0025428571428571427	0.0002122773206811083	2.7663193506314137e-06	6.623129482138465e-05	0.014015199684913007	2.745438981080645e-05	0.002244990003948345	0.0018142857142857145	0.00015126143482502728	3.2471563406421426e-05	0.0025054864520198472
76	0.00032066224601826526	6.109286954512033e-05	0.00041600613249094786	0.05083265064186763	0.00016426416579184402	0.020825288530104378	0.011739650252038483	0.0018093657806519119	2.8584627590627244e-06	0.00013039670851497528	0.031772603632320366	3.853505359466201e-05	0.0031505655402478366	0.0025428571428571427	0.00021226329934664523	2.766100656920642e-06	6.62174800147127e-05	0.01401334245541865	2.7458776425272708e-05	0.0022449870016823495	0.0018142857142857145	0.0001512516648336309	3.247707534637578e-05	0.0025060478782143744
77	0.00032063923247818113	6.109015445851256e-05	0.00041612461014928415	0.050850744976321166	0.00016429125705248528	0.020825867471541498	0.011739989298192461	0.001809274289220686	2.858212246362448e-06	0.00013031717458731717	0.0317555751267725	3.854091807887584e-05	0.0031505570387877356	0.0025428571428571427	0.0002122498158064548	2.7658906186751464e-06	6.620472546167212e-05	0.014011668100287474	2.746299460096379e-05	0.002244984148901597	0.0018142857142857145	0.00015124227328203768	3.248237551270217e-05	0.0025065877411753704
78	0.0003206170993252296	6.10875430643189e-05	0.00041623841940263066	0.05086813303184696	0.00016431730850676246	0.020826424285107413	0.011740315391239492	0.0018091863222546747	2.857971123375052e-06	0.00013024030801824188	0.03173910450093504	3.854655687521063e-05	0.0031505488343828675	0.0025428571428571427	0.00021223684840734978	2.7656888780381463e-06	6.61929701881695e-05	0.014010165440070041	2.7467051119424208e-05	0.002244981438348426	0.0018142857142857145	0.00015123324480577105	3.248747261441183e-05	0.0025071069404229264
79	0.0003205958110920481	6.108503115499554e-05	0.0004163477529106946	0.050884843635672965	0.00016434236296273888	0.020826959848101484	0.011740629045520395	0.001809101731757125	2.857739018581273e-06	0.00013016601436391343	0.03172317259508037	3.85519791637667e-05	0.0031505409161191153	0.0025428571428571427	0.00021222437626988329	2.76549509174339e-06	6.618215636802702e-05	0.014008823889358745	2.7470952532587474e-05	0.002244978863204054	0.0018142857142857145	0.00015122456459375574	3.249237473094234e-05	0.0025076062868550682
80	0.00032057533388914206	6.108261475951608e-05	0.0004164527948552306	0.05090090436078033	0.0001643664599679056	0.020827475013135928	0.011740930759467466	0.001809020383848546	2.8575155765069203e-06	0.0001300942027790997	0.031707760945070516	3.855719367651221e-05	0.00315053327341876	0.0025428571428571427	0.00021221237950124183	2.765308931882979e-06	6.61722292086247e-05	0.014007633426866511	2.747470507362113e-05	0.0022449764169092516	0.0018142857142857145	0.00015121621853871438	3.2497089778882744e-05	0.0025080865919425792
81	0.0003205556351967266	6.108029003454421e-05	0.0004165537216481978	0.05091634163651481	0.00016438963839572306	0.020827970589532303	0.011741221007156338	0.0018089421450773072	2.8573004560307275e-06	0.0001300247858110632	0.03169285175563526	3.856220881355929e-05	0.0031505258961792514	0.0025428571428571427	0.00021220083898151627	2.765130084242418e-06	6.616313676919946e-05	0.014006584567207766	2.7478314739342858e-05	0.002244974093260591	0.0018142857142857145	0.00015120819308545228	3.250162521857422e-05	0.002508548609246324
82	0.00032053668624848963	6.107805761933438e-05	0.00041665073531751544	0.05093117230076764	0.00016441198293637194	0.020828451434594313	0.011741501974683747	0.0018088670971071457	2.8570925213549284e-06	0.00012995764968199789	0.031678428913140384	3.85670649595957e-05	0.003150518733752323	0.0025428571428571427	0.00021218966756340375	2.7649575975138826e-06	6.615482101379806e-05	0.014005668988495156	2.748181040461297e-05	0.0022449718613959378	0.0018142857142857145	0.0001512004263801723	3.250603692614182e-05	0.0025089996963566018
83	0.00032051845887669293	6.107591403010935e-05	0.0004167439058297271	0.05094543351535293	0.00016443353933216288	0.020828912829898738	0.011741772079559043	0.0018087944769208304	2.8568930221400256e-06	0.00012989277805956477	0.03166447511072717	3.857172596922783e-05	0.0031505118531892627	0.0025428571428571427	0.0002121789385549887	2.7647924586704373e-06	6.614725772309857e-05	0.014004877729216023	2.7485166162572846e-05	0.0022449697620569044	0.0018142857142857145	0.00015119297042075883	3.251023262813738e-05	0.002509429038999196
84	0.00032050091615635833	6.107384899108913e-05	0.00041683345091575084	0.05095914571590409	0.00016445420551146561	0.020829355877374615	0.011742031483256117	0.0018087248512449494	2.856700998634224e-06	0.00012983005976165924	0.031650974144579305	3.857619340885906e-05	0.0031505052163181293	0.0025428571428571427	0.0002121686499020188	2.764633834025631e-06	6.614038934248498e-05	0.014004202561205227	2.7488383206324893e-05	0.0022449677724886985	0.0018142857142857145	0.00015118582391157077	3.251426858806465e-05	0.0025098406275765833
85	0.00032048403409406996	6.107185931697225e-05	0.0004169195184997754	0.05097233013982237	0.00016447406447695222	0.020829781461227468	0.011742280692035367	0.001808657944447745	2.856516076220936e-06	0.00012976941729347875	0.031637910558190076	3.858048586584864e-05	0.0031504988095585854	0.0025428571428571427	0.00021215876281367274	2.7644813970647393e-06	6.613417332241949e-05	0.01400363582339071	2.7491474801860567e-05	0.0022449658844312	0.0018142857142857145	0.00015117895931430458	3.2518152040702446e-05	0.0025102361922956194
86	0.000320467787350169	6.106994269461887e-05	0.0004170022486299611	0.05098500772378829	0.0001644931650939342	0.020830190489320877	0.01174252024321373	0.00180859356443224	2.8563379704497673e-06	0.00012971077836568698	0.03162526951556993	3.858461446485561e-05	0.003150492623426376	0.0025428571428571427	0.00021214925166692766	2.7643348916960785e-06	6.612857009741994e-05	0.01400317031924418	2.749444888986009e-05	0.0022449640922144855	0.0018142857142857145	0.00015117235844784742	3.252188919561284e-05	0.002510616726660079
87	0.00032045215092770885	6.106809683850787e-05	0.0004170817761267668	0.05099719874481195	0.0001645115434718787	0.02083058380749627	0.011742750625790341	0.001808531589165391	2.856166416082987e-06	0.00012965407341919348	0.03161303673258051	3.858858707415747e-05	0.003150486649609803	0.0025428571428571427	0.0002121400981819883	2.7641940766478513e-06	6.61235421950942e-05	0.014002799261151519	2.7497311089476588e-05	0.002244962390971148	0.0018142857142857145	0.00015116600835934454	3.2525485865849945e-05	0.002510982942213426
88	0.00032043710067474097	6.106631937756232e-05	0.0004171582305345067	0.05100892271328076	0.00016452923039769548	0.020830962170886088	0.011742972272436305	0.0018084719242600206	2.856001158715444e-06	0.0001295992354162078	0.03160119843963717	3.85924102389196e-05	0.003150480880353469	0.0025428571428571427	0.00021213128727311543	2.7640587202618222e-06	6.611905411800804e-05	0.01400251623815867	2.750006607694619e-05	0.002244960776228392	0.0018142857142857145	0.00015115989837137137	3.2528947589869924e-05	0.0025113354345510652
89	0.00032042261340773346	6.106460788197304e-05	0.00041723173612876434	0.05102019835349274	0.00016454625393564902	0.020831326253279176	0.011743185569747778	0.0018084144843511045	2.855841954134049e-06	0.00012954619976976269	0.03158974135695494	3.859608990994646e-05	0.0031504753082702477	0.0025428571428571427	0.0002121228053032453	2.763928600420088e-06	6.611507225721563e-05	0.014002315193131486	2.7502718105009188e-05	0.0022449592437761624	0.0018142857142857145	0.00015115401883867985	3.2532279674799175e-05	0.0025116747466394987
90	0.00032040866691427906	6.106295991330778e-05	0.00041730241203545365	0.05103104361753364	0.00016456264045640778	0.020831676665447347	0.01174339086992006	0.0018083591870539989	2.8556885681406757e-06	0.00012949490426172994	0.03157865267477562	3.8599631710417294e-05	0.003150469926272013	0.0025428571428571427	0.0002121146394214295	2.7638035044601923e-06	6.611156480263294e-05	0.014002190403848095	2.750527119297962e-05	0.002244957789616754	0.0018142857142857145	0.00015114836067605603	3.253548721403423e-05	0.0025120013921688038
91	0.000320395239917767	6.106137306583731e-05	0.00041737037240368447	0.05104147571146525	0.00016457841506359056	0.020832013971052804	0.011743588499623227	0.0018083059516723827	2.8555407762034e-06	0.00012944528895368374	0.03156792003566597	3.8603041027477364e-05	0.0031504647275407563	0.0025428571428571427	0.00021210677732951878	2.7636832288462978e-06	6.610850165398255e-05	0.014002136465918899	2.7507729191994566e-05	0.0022449564099429483	0.0018142857142857145	0.00015114291519198998	3.253857509656029e-05	0.0025123158635587217
92	0.0003203823120331347	6.105984499340062e-05	0.000417435726599203	0.051051511125296725	0.00016459360177849757	0.020832338697853368	0.011743778765893408	0.0018082546993413678	2.8553983630265315e-06	0.00012939729609773466	0.03155753151782593	3.8606323040927236e-05	0.0031504597055138513	0.0025428571428571427	0.0002120992072065655	2.7635675787517676e-06	6.610585433475334e-05	0.01400214827675728	2.7510095805439983e-05	0.0022449551011262917	0.0018142857142857145	0.00015113767403472989	3.254154801410293e-05	0.002512618634449221
93	0.0003203698637232786	6.105837342434931e-05	0.0004174985794023765	0.05106116566336856	0.0001646082236295168	0.020832651344935452	0.011743961959827147	0.001808205353423179	2.855261122117095e-06	0.00012935087005022734	0.03154747561905614	3.860948273198547e-05	0.0031504548538739408	0.0025428571428571427	0.00021209191768485123	2.7634563676383097e-06	6.610359591001654e-05	0.014002221020332951	2.751237459517854e-05	0.002244953859708754	0.0018142857142857145	0.00015113262917512777	3.254441046801943e-05	0.00251291016045484
94	0.00032035787625857596	6.10569561684884e-05	0.000417559031203345	0.05107045447391006	0.0001646223027056212	0.02083295238723691	0.011744138358869134	0.001808157839812258	2.8551288553758456e-06	0.00012930595718911182	0.03153774124128784	3.8612524887434104e-05	0.003150450166540123	0.0025428571428571427	0.00021208489783901524	2.7633494168596508e-06	6.610170090824743e-05	0.0140023501526216	2.7514568984488507e-05	0.0022449526823954016	0.0018142857142857145	0.00015112777289882654	3.254716677634215e-05	0.00251319087952573
95	0.0003203463316796202	6.105559111919205e-05	0.0004176171781911082	0.05107939207738204	0.0001646358601971237	0.02083324227839761	0.011744308228262994	0.0018081120870977422	2.855001372717384e-06	0.00012926250583502412	0.03152831767565645	3.861545410384552e-05	0.003150445637659426	0.0025428571428571427	0.00021207813717602066	2.7632465552938587e-06	6.610014524704689e-05	0.014002531387720903	2.751668226106175e-05	0.0022449515660473564	0.0018142857142857145	0.0001511230977990485	3.2549821080930165e-05	0.002513461212324292
96	0.00032033521276269677	6.105427625282235e-05	0.000417673112535298	0.051087992393535904	0.00016464891643210982	0.020833521452634948	0.011744471822025038	0.0018080680266128989	2.8548784917164742e-06	0.00012922046617588653	0.03151919458811656	3.86182747928443e-05	0.0031504412615983644	0.0025428571428571427	0.0002120716256231382	2.763147619001376e-06	6.609890616258066e-05	0.014002760684615402	2.75187175807403e-05	0.002244950507674888	0.0018142857142857145	0.0001511185967679765	3.255237735459859e-05	0.0025137215626978913
97	0.00032032450298748356	6.105300962673742e-05	0.0004177269225602689	0.05109626876722734	0.00016466149091124376	0.02083379032606874	0.011744629383651945	0.0018080255924115727	2.8547600372763313e-06	0.00012917979019479365	0.0315103620055941	3.8620991187233676e-05	0.0031504370329346	0.0025428571428571427	0.00021206535351408083	2.763052450904554e-06	6.609796214253813e-05	0.014003034234571929	2.7520677971870173e-05	0.0022449495044306626	0.0018142857142857145	0.0001511142629868227	3.25548394081136e-05	0.0025139723182303893
98	0.0003203141865066037	6.105178937662356e-05	0.00041777869291157116	0.0511042339930507	0.00016467360234160062	0.020834049297738546	0.011744781146680415	0.0018079847212027927	2.8546458413154633e-06	0.00012914043160097767	0.03150181030266572	3.862360734761153e-05	0.0031504329464487825	0.0025428571428571427	0.00021205931157404896	2.76296090048538e-06	6.60972928624245e-05	0.014003348449144054	2.752256634000485e-05	0.002244948553603187	0.0018142857142857145	0.0001511100899151251	3.255721089698294e-05	0.0025142138508381694
99	0.0003203042481167652	6.105061371354989e-05	0.00041782850471503173	0.05111190033886124	0.00016468526866954072	0.020834298750447313	0.011744927335162556	0.001807945352263841	2.8545357424705812e-06	0.00012910234576367358	0.03149353018875141	3.862612716916302e-05	0.0031504289971166378	0.0025428571428571427	0.00021205349090436994	2.7628728234989575e-06	6.609687912501165e-05	0.014003699948761663	2.7524385472735636e-05	0.0022449476526104854	0.0018142857142857145	0.00015110607127975887	3.255949532800385e-05	0.0025144465173823414
100	0.00032029467323129845	6.104948092095237e-05	0.0004178764357287255	0.051119279568246266	0.00016469650711251125	0.02083453905150292	0.011745068164090705	0.0018079074273438741	2.8544295858137566e-06	0.00012906548964872634	0.031485512695803394	3.862855438842228e-05	0.003150425180101315	0.0025428571428571427	0.00021204788296719498	2.762788081700992e-06	6.609670280278431e-05	0.014004085551880496	2.7526138044500727e-05	0.0022449467989940396	0.0018142857142857145	0.00015110220106399346	3.256169606555148e-05	0.0025146706602784297
